<?xml version="1.0" encoding="UTF-8"?>
<faceted-project>
  <runtime name="Apache Tomcat v7.0"/>
  <fixed facet="jst.web"/>
  <fixed facet="java"/>
  <fixed facet="wst.jsdt.web"/>
  <installed facet="java" version="1.7"/>
  <installed facet="jst.web" version="2.5"/>
  <installed facet="wst.jsdt.web" version="1.0"/>
  <installed facet="jpt.jpa" version="2.1"/>
  <installed facet="jst.cdi" version="2.0"/>
  <installed facet="jboss.m2" version="1.0"/>
  <installed facet="jst.jaxrs" version="2.0"/>
  <installed facet="jst.jsf" version="2.2"/>
</faceted-project>
